Comparison,Mean_Delta,t_statistic
dummy vs logistic_regression,-0.1172772456469503,-18.792320136896677
dummy vs xgboost,-0.039761693163490375,-10.070922064036461
dummy vs mlp,-0.04303182910371606,-5.233458306165756
logistic_regression vs xgboost,0.07751555248345993,11.674303993890364
logistic_regression vs mlp,0.07424541654323424,11.29253149667413
xgboost vs mlp,-0.0032701359402256824,-0.37561887003285055
